,pred
0,179.14
1,157.78
2,236.87
3,192.19
4,310.32
5,322.11
6,254.0
7,38.09
8,187.2
9,126.49
10,72.33
11,185.65
12,181.54
13,131.35
14,291.43
15,92.34
16,128.41
17,29.7
18,129.78
19,213.63
20,220.02
21,308.32
22,250.99
23,237.62
24,62.19
25,41.51
26,159.86
27,112.65
28,80.53
29,87.57
30,47.99
31,224.19
32,309.95
33,136.06
34,118.96
35,171.89
36,186.25
37,244.98
38,234.35
39,140.14
40,-37.06
41,309.97
42,264.3
43,35.79
44,140.66
45,17.02
46,232.9
47,211.56
48,118.91
49,53.67
50,277.23
51,266.72
52,98.75
53,289.61
54,227.12
55,197.22
56,95.12
57,349.87
58,2.35
59,231.91
60,181.9
61,84.4
62,277.28
63,165.86
64,176.9
65,36.13
66,237.82
67,70.26
68,139.09
69,265.58
70,83.89
71,152.71
72,185.03
73,248.3
74,129.75
75,203.58
76,135.83
77,46.72
78,241.65
79,9.33
80,72.56
81,83.27
82,131.36
83,190.68
84,28.71
85,226.17
86,251.6
87,163.55
88,86.03
89,144.72
90,217.41
91,168.57
92,251.18
93,272.78
94,1.65
95,31.69
96,206.24
97,96.52
98,227.07
99,231.34
100,101.56
101,285.06
102,201.38
103,54.71
104,21.9
105,110.47
106,337.06
107,148.95
108,55.53
109,100.46
110,159.58
111,295.25
112,190.93
113,25.92
114,250.08
115,195.04
116,121.99
117,183.73
118,97.91
119,194.51
120,0.08
121,287.46
122,223.1
123,9.09
124,72.15
125,103.81
126,50.69
127,281.66
128,71.4
129,-17.04
130,291.21
131,227.97
132,185.04
133,66.95
134,22.83
135,207.86
136,61.74
137,287.86
138,171.37
139,169.23
140,206.51
141,230.98
142,232.7
143,3.32
144,175.39
145,137.3
146,217.34
147,150.14
148,-3.75
149,107.79
150,148.59
151,69.92
152,184.58
153,127.64
154,84.4
155,142.65
156,126.87
157,48.11
158,302.03
159,100.37
160,154.22
161,230.53
162,341.17
163,51.54
164,90.79
165,178.6
166,297.88
167,184.75
168,379.57
169,94.09
170,141.95
171,73.09
172,212.01
173,136.3
174,133.5
175,81.77
176,144.11
177,121.06
178,80.27
179,58.39
180,51.53
181,186.78
182,232.17
183,166.86
184,194.85
185,106.14
186,178.69
187,22.95
188,92.88
189,202.94
190,136.73
191,216.14
192,12.65
193,298.13
194,32.94
195,239.64
196,71.68
197,202.91
198,266.97
199,337.08
200,319.52
201,57.23
202,252.98
203,20.89
204,219.46
205,283.6
206,168.21
207,27.93
208,309.41
209,152.45
210,6.83
211,211.26
212,166.58
213,245.01
214,257.82
215,210.34
216,267.83
217,93.0
218,281.14
219,56.54
220,316.86
221,257.48
222,204.37
223,106.57
224,157.07
225,267.02
226,67.88
227,200.73
228,107.73
229,246.4
230,36.53
231,17.99
232,176.59
233,-6.84
234,99.57
235,359.31
236,108.7
237,117.13
238,268.41
239,134.66
240,-6.87
241,107.14
242,204.43
243,117.23
244,227.85
245,103.61
246,75.14
247,81.18
248,127.82
249,55.0
250,204.07
251,235.14
252,287.12
253,58.5
254,143.98
255,200.86
256,273.55
257,227.77
258,98.26
259,186.47
260,193.37
261,235.65
262,123.83
263,122.57
264,170.52
265,172.48
266,97.49
267,168.74
268,276.31
269,96.17
270,299.68
271,180.95
272,149.63
273,253.91
274,218.05
275,78.7
276,88.95
277,316.18
278,234.52
279,159.45
280,145.98
281,94.57
282,200.9
283,99.2
284,232.35
285,146.41
286,183.58
287,227.83
288,271.05
289,228.03
290,266.53
291,195.8
292,221.29
293,148.58
294,275.49
295,217.57
296,271.32
297,171.12
298,122.49
299,137.34
300,336.61
301,201.84
302,106.96
303,126.96
304,142.2
305,225.59
306,101.74
307,84.19
308,76.09
309,128.03
310,26.69
311,87.4
312,67.93
313,200.94
314,83.49
315,142.88
316,142.8
317,225.67
318,24.46
319,143.69
320,170.44
321,236.99
322,85.29
323,284.22
324,35.83
325,280.37
326,295.01
327,64.06
328,105.11
329,276.99
330,151.16
331,183.7
332,153.33
333,247.72
334,54.04
335,161.92
336,168.33
337,226.8
338,28.78
339,55.56
340,82.43
341,206.78
342,12.83
343,299.91
344,228.0
345,155.35
346,92.14
347,31.32
348,193.42
349,132.74
350,193.02
351,46.67
352,98.35
353,88.83
354,92.99
355,198.62
356,144.03
357,172.78
358,16.25
359,243.5
360,40.18
361,58.6
362,234.1
363,226.0
364,114.13
365,51.83
366,19.12
367,70.89
368,228.2
369,306.4
370,195.92
371,229.12
372,125.46
373,210.21
374,130.64
375,50.32
376,286.12
377,16.52
378,110.43
379,115.1
380,213.53
381,-8.76
382,86.85
383,106.45
384,100.0
385,182.12
386,27.46
387,192.46
388,143.16
389,116.51
390,53.04
391,139.06
392,164.75
393,11.0
394,-25.59
395,320.56
396,64.31
397,52.04
398,144.07
399,294.01
400,306.66
401,188.68
402,93.22
403,157.75
404,332.78
405,204.02
406,129.68
407,127.19
408,82.55
409,256.29
410,162.63
411,256.62
412,148.33
413,228.63
414,-17.23
415,170.5
416,186.45
417,55.97
418,170.25
419,313.98
420,256.85
421,303.97
422,93.98
423,280.9
424,45.82
425,24.54
426,131.62
427,57.45
428,189.54
429,214.81
430,300.06
431,255.32
432,215.28
433,145.34
434,184.12
435,208.49
436,178.77
437,127.26
438,301.75
439,63.79
440,188.61
441,133.82
442,217.16
443,149.41
444,71.42
445,302.75
446,21.54
447,194.96
448,121.29
449,51.9
450,171.04
451,236.53
452,73.04
453,230.17
454,-9.0
455,97.54
456,246.49
457,93.81
458,120.54
459,170.16
460,283.41
461,248.86
462,207.74
463,82.37
464,175.91
465,249.32
466,151.5
467,304.23
468,215.34
469,77.31
470,228.31
471,154.62
472,233.72
473,31.78
474,166.09
475,288.48
476,34.08
477,151.48
478,311.44
479,206.15
480,174.52
481,116.25
482,267.07
483,94.45
484,275.65
485,230.69
486,89.47
487,217.92
488,68.87
489,90.95
490,-20.38
491,183.6
492,110.26
493,270.25
494,118.81
495,117.81
496,57.83
497,291.7
498,200.34
499,290.1
500,170.97
501,85.31
502,397.71
503,56.71
504,301.27
505,118.92
506,173.46
507,47.36
508,114.36
509,158.92
510,18.55
511,219.21
512,334.99
513,239.64
514,76.86
515,89.56
516,291.35
517,47.3
518,110.47
519,73.78
520,172.07
521,227.65
522,106.34
523,84.61
524,210.43
525,202.47
526,71.51
527,157.67
528,246.2
529,146.79
530,304.35
531,222.72
532,216.5
533,83.02
534,261.8
535,312.56
536,165.09
537,90.74
538,285.7
539,243.64
540,71.57
541,122.53
542,-4.99
543,177.58
544,100.62
545,8.14
546,51.67
547,292.49
548,183.72
549,64.71
550,100.07
551,19.0
552,174.12
553,166.79
554,70.29
555,193.62
556,112.82
557,288.32
558,295.18
559,107.79
560,99.33
561,310.3
562,13.57
563,163.09
564,84.67
565,85.8
566,278.88
567,78.46
568,256.81
569,142.05
570,254.87
571,174.31
572,315.52
573,277.82
574,293.89
575,46.9
576,312.19
577,296.64
578,59.51
579,264.75
580,185.13
581,114.88
582,50.14
583,98.05
584,125.98
585,338.09
586,217.04
587,207.66
588,160.23
589,275.21
590,150.57
591,220.61
592,216.58
593,65.44
594,44.92
595,234.42
596,150.39
597,229.95
598,80.04
599,164.75
600,222.56
601,173.17
602,54.51
603,45.48
604,234.09
605,164.31
606,164.89
607,32.77
608,38.22
609,61.12
610,114.83
611,192.08
612,87.05
613,142.8
614,45.15
615,165.84
616,197.73
617,264.32
618,99.49
619,128.85
620,268.44
621,93.44
622,89.93
623,294.49
624,74.28
625,113.6
626,181.57
627,233.82
628,136.51
629,197.73
630,79.36
631,84.22
632,99.97
633,250.77
634,194.23
635,313.92
636,188.11
637,195.88
638,152.66
639,55.3
640,216.62
641,137.39
642,191.1
643,213.48
644,251.92
645,260.38
646,243.6
647,292.62
648,216.03
649,191.7
650,220.75
651,81.26
652,101.12
653,83.68
654,161.07
655,315.89
656,155.64
657,195.62
658,51.83
659,105.45
660,181.58
661,230.16
662,124.63
663,273.84
664,101.33
665,189.87
666,256.58
667,72.98
668,262.25
669,314.01
670,212.25
671,190.18
672,135.22
673,112.05
674,74.21
675,65.7
676,154.77
677,115.75
678,36.81
679,269.53
680,103.69
681,70.71
682,174.6
683,221.68
684,-30.42
685,285.52
686,186.51
687,268.86
688,138.94
689,273.58
690,165.51
691,88.57
692,173.0
693,193.4
694,288.81
695,89.97
696,221.38
697,271.56
698,56.58
699,218.63
700,149.95
701,261.27
702,143.47
703,130.14
704,226.08
705,125.91
706,86.94
707,130.25
708,123.14
709,111.87
710,26.4
711,317.69
712,89.6
713,88.36
714,8.52
715,128.61
716,315.12
717,169.22
718,54.09
719,75.17
720,80.16
721,141.09
722,72.55
723,2.0
724,237.68
725,115.21
726,154.39
727,48.58
728,76.22
729,235.28
730,192.56
731,274.34
732,105.06
733,286.98
734,66.71
735,87.55
736,192.36
737,144.19
738,192.21
739,5.4
740,263.08
741,333.22
742,208.94
743,76.63
744,54.33
745,107.03
746,117.4
747,111.87
748,135.61
749,162.13
750,178.4
751,253.85
752,89.02
753,289.19
754,207.89
755,65.82
756,59.06
757,78.17
758,89.72
759,334.37
760,-16.41
761,26.86
762,197.01
763,163.73
764,141.99
765,243.52
766,111.88
767,182.03
768,151.69
769,153.64
770,184.61
771,127.12
772,142.01
773,113.31
774,171.31
775,304.22
776,143.13
777,190.38
778,88.96
779,324.45
780,157.32
781,136.04
782,260.11
783,202.42
784,20.24
785,287.76
786,48.78
787,153.3
788,18.58
789,25.07
790,96.63
791,168.95
792,332.39
793,98.68
794,239.31
795,188.26
796,64.36
797,213.17
798,285.64
799,40.26
800,243.97
801,-2.37
802,138.71
803,197.23
804,1.18
805,12.56
806,75.29
807,93.6
808,110.1
809,212.81
810,113.28
811,156.62
812,297.61
813,70.15
814,222.93
815,128.54
816,180.32
817,51.48
818,269.48
819,205.15
820,216.45
821,195.28
822,71.3
823,236.08
824,106.57
825,244.62
826,105.66
827,219.89
828,178.55
829,47.98
830,291.72
831,73.91
832,186.35
833,126.63
834,-24.83
835,78.0
836,99.0
837,236.09
838,136.09
839,185.59
840,175.73
841,159.55
842,188.96
843,23.88
844,110.35
845,273.16
846,90.65
847,145.24
848,274.74
849,187.07
850,175.39
851,137.01
852,190.82
853,160.89
854,314.45
855,32.95
856,93.2
857,314.62
858,254.99
859,250.88
860,187.8
861,241.3
862,250.74
863,229.54
864,94.5
865,270.6
866,35.54
867,86.66
868,94.4
869,158.4
870,56.81
871,90.87
872,257.96
873,112.93
874,117.26
875,50.15
876,266.83
877,292.9
878,176.93
879,126.67
880,78.32
881,45.49
882,306.34
883,46.03
884,221.05
885,163.06
886,76.74
887,182.29
888,17.73
889,278.14
890,25.91
891,113.1
892,61.64
893,298.68
894,181.73
895,100.82
896,129.04
897,197.57
898,115.88
899,199.86
900,331.2
901,189.19
902,110.58
903,248.33
904,74.02
905,319.51
906,239.59
907,230.63
908,80.85
909,59.11
910,188.18
911,156.38
912,111.41
913,77.22
914,70.89
915,169.4
916,152.98
917,218.44
918,87.16
919,126.52
920,63.29
921,172.28
922,28.24
923,42.54
924,144.32
925,328.01
926,304.77
927,156.41
928,81.48
929,16.91
930,221.57
931,175.85
932,206.56
933,85.1
934,270.92
935,277.75
936,226.73
937,190.32
938,60.82
939,305.36
940,-6.24
941,249.78
942,223.81
943,167.07
944,266.24
945,104.28
946,322.59
947,295.51
948,60.51
949,197.76
950,250.35
951,315.93
952,83.16
953,86.22
954,183.02
955,249.62
956,98.44
957,-66.96
958,161.15
959,195.7
960,187.75
961,159.94
962,234.29
963,134.61
964,38.09
965,212.85
966,221.73
967,144.17
968,4.04
969,173.46
970,-8.81
971,183.75
972,141.34
973,193.2
974,118.76
975,106.4
976,226.58
977,271.14
978,157.53
979,110.2
980,59.51
981,63.58
982,278.67
983,73.39
984,262.56
985,53.92
986,197.65
987,234.94
988,204.07
989,156.3
990,114.65
991,203.49
992,291.62
993,216.86
994,184.96
995,191.57
996,216.68
997,112.93
998,29.43
999,73.44
1000,335.63
1001,144.17
1002,80.85
1003,111.92
1004,102.62
1005,208.73
1006,19.15
1007,164.7
1008,204.78
1009,95.32
1010,320.21
1011,192.72
1012,50.6
1013,143.51
1014,186.04
1015,179.63
1016,200.53
1017,290.54
1018,86.18
1019,171.72
1020,104.86
1021,129.5
1022,154.67
1023,119.01
1024,196.69
1025,266.0
1026,50.49
1027,159.29
1028,55.74
1029,44.69
1030,34.58
1031,333.89
1032,70.23
1033,176.37
1034,169.16
1035,79.85
1036,153.17
1037,212.08
1038,126.19
1039,249.47
1040,210.09
1041,63.39
1042,189.21
1043,91.88
1044,276.35
1045,358.05
1046,234.2
1047,165.07
1048,208.22
1049,192.81
1050,142.44
1051,197.88
1052,140.34
1053,202.83
1054,184.56
1055,43.58
1056,33.88
1057,362.61
1058,146.49
1059,82.57
1060,20.56
1061,206.97
1062,130.61
1063,68.42
1064,110.33
1065,42.33
1066,209.04
1067,160.43
1068,240.56
1069,189.81
1070,248.61
1071,-57.06
1072,93.76
1073,103.09
1074,306.04
1075,86.07
1076,216.94
1077,68.51
1078,125.96
1079,227.01
1080,-11.79
1081,212.45
1082,116.34
1083,41.24
1084,307.69
1085,59.54
1086,85.43
1087,175.69
1088,-13.61
1089,165.75
1090,124.17
1091,89.9
1092,147.49
1093,351.54
1094,31.61
1095,178.94
1096,295.23
1097,47.19
1098,266.62
1099,118.38
1100,62.31
1101,243.67
1102,45.91
1103,88.69
1104,85.27
1105,231.53
1106,116.86
1107,247.55
1108,101.03
1109,129.1
1110,129.4
1111,77.91
1112,139.94
1113,55.2
1114,170.88
1115,160.22
1116,130.21
1117,35.24
1118,206.87
1119,9.1
1120,264.36
1121,150.04
1122,105.57
1123,104.77
1124,203.67
1125,18.89
1126,297.2
1127,42.24
1128,282.4
1129,131.36
1130,191.46
1131,68.74
1132,152.61
1133,98.09
1134,71.74
1135,269.25
1136,77.03
1137,156.12
1138,277.75
1139,33.86
1140,35.78
1141,141.05
1142,47.72
1143,140.52
1144,180.86
1145,228.43
1146,282.66
1147,213.57
1148,41.22
1149,74.16
1150,123.32
1151,167.53
1152,63.56
1153,20.09
1154,127.63
1155,237.39
1156,273.37
1157,156.5
1158,80.65
1159,261.65
1160,24.92
1161,224.21
1162,169.27
1163,162.66
1164,269.16
1165,168.2
1166,145.06
1167,205.61
1168,202.55
1169,30.15
1170,274.11
1171,179.72
1172,49.81
1173,57.91
1174,88.8
1175,55.16
1176,48.16
1177,1.79
1178,82.4
1179,105.03
1180,26.43
1181,283.5
1182,208.34
1183,128.75
1184,30.26
1185,182.63
1186,141.66
1187,92.05
1188,297.33
1189,201.06
1190,133.91
1191,152.91
1192,145.67
1193,192.8
1194,245.16
1195,44.59
1196,261.85
1197,196.84
1198,130.57
1199,61.84
1200,102.08
1201,128.21
1202,126.05
1203,37.31
1204,127.74
1205,232.93
1206,177.52
1207,201.49
1208,313.5
1209,62.69
1210,200.3
1211,138.74
1212,115.85
1213,47.99
1214,86.46
1215,328.92
1216,134.67
1217,90.41
1218,61.29
1219,207.37
1220,151.21
1221,298.07
1222,109.54
1223,222.66
1224,1.46
1225,322.2
1226,333.04
1227,347.09
1228,25.26
1229,128.38
1230,300.05
1231,259.49
1232,133.98
1233,66.03
1234,25.79
1235,84.91
1236,279.37
1237,140.9
1238,187.2
1239,70.27
1240,178.46
1241,314.65
1242,193.1
1243,192.64
1244,113.91
1245,247.03
1246,23.01
1247,25.05
1248,116.93
1249,303.97
1250,238.31
1251,286.68
1252,189.15
1253,108.19
1254,215.69
1255,269.5
1256,134.19
1257,234.38
1258,80.23
1259,78.89
1260,137.21
1261,152.94
1262,143.18
1263,256.07
1264,63.91
1265,182.43
1266,219.59
1267,70.7
1268,99.74
1269,100.0
1270,69.06
1271,268.99
1272,128.75
1273,241.47
1274,2.05
1275,135.76
1276,56.59
1277,65.91
1278,136.35
1279,24.91
1280,122.85
1281,228.13
1282,60.44
1283,280.28
1284,0.76
1285,30.66
1286,25.14
1287,24.34
1288,64.88
1289,30.53
1290,218.05
1291,263.6
1292,177.43
1293,201.5
1294,205.08
1295,196.91
1296,296.07
1297,278.06
1298,151.7
1299,143.9
1300,230.63
1301,193.3
1302,155.44
1303,203.23
1304,204.06
1305,268.24
1306,24.17
1307,8.83
1308,151.02
1309,218.03
1310,-4.35
1311,161.92
1312,261.12
1313,260.85
1314,56.08
1315,50.21
1316,213.79
1317,281.68
1318,172.63
1319,269.54
1320,359.16
1321,128.03
1322,165.74
1323,30.15
1324,180.79
1325,196.1
1326,121.25
1327,99.98
1328,116.98
1329,201.64
1330,163.41
1331,115.15
1332,113.1
1333,-31.67
1334,144.96
1335,166.63
1336,294.89
1337,25.24
1338,171.54
1339,239.41
1340,243.53
1341,165.24
1342,89.05
1343,267.56
1344,22.33
1345,168.71
1346,238.95
1347,105.22
1348,217.86
1349,307.45
1350,130.54
1351,311.72
1352,91.75
1353,246.06
1354,0.01
1355,42.79
1356,37.08
1357,305.85
1358,176.04
1359,129.15
1360,292.8
1361,318.67
1362,143.04
1363,91.22
1364,114.96
1365,320.61
1366,31.88
1367,212.35
1368,146.67
1369,344.39
1370,103.61
1371,166.97
1372,94.4
1373,226.41
1374,185.33
1375,26.56
1376,34.88
1377,16.62
1378,301.47
1379,187.17
1380,347.2
1381,71.41
1382,92.47
1383,156.81
1384,126.71
1385,234.66
1386,93.88
1387,177.32
1388,203.79
1389,310.14
1390,106.94
1391,201.82
1392,168.84
1393,54.11
1394,110.96
1395,120.26
1396,215.74
1397,35.85
1398,160.82
1399,37.05
1400,246.46
1401,127.25
1402,43.94
1403,128.95
1404,186.87
1405,94.23
1406,222.89
1407,215.95
1408,257.13
1409,248.55
1410,278.44
1411,303.99
1412,63.07
1413,171.13
1414,97.01
1415,201.92
1416,140.51
1417,235.83
1418,195.05
1419,58.22
1420,-6.17
1421,88.3
1422,63.19
1423,77.8
1424,33.49
1425,141.64
1426,150.36
1427,162.49
1428,267.6
1429,210.4
1430,57.06
1431,91.53
1432,181.69
1433,134.47
1434,156.86
1435,284.31
1436,222.28
1437,169.26
1438,230.59
1439,91.0
1440,111.61
1441,257.7
1442,26.34
1443,152.18
1444,204.37
1445,224.84
1446,172.47
1447,211.47
1448,177.67
1449,120.92
1450,115.77
1451,135.89
1452,63.71
1453,241.44
1454,98.55
1455,341.04
1456,115.3
1457,55.39
1458,206.46
1459,306.62
1460,221.85
1461,224.44
1462,342.5
1463,238.28
1464,118.78
1465,214.44
1466,152.91
1467,141.88
1468,60.08
1469,112.13
1470,275.34
1471,127.39
1472,177.42
1473,133.86
1474,223.36
1475,17.8
1476,328.69
1477,156.07
1478,226.87
1479,102.19
1480,202.96
1481,144.54
1482,74.3
1483,94.23
1484,320.81
1485,274.34
1486,213.46
1487,268.51
1488,102.23
1489,166.78
1490,200.9
1491,12.35
1492,57.88
1493,93.29
1494,239.55
1495,39.76
1496,42.04
1497,108.71
1498,245.95
1499,42.41
1500,156.48
1501,210.1
1502,283.74
1503,270.3
1504,60.87
1505,291.7
1506,118.08
1507,256.28
1508,226.87
1509,34.64
1510,-49.23
1511,313.63
1512,296.65
1513,149.98
1514,54.85
1515,226.61
1516,110.69
1517,140.32
1518,251.16
1519,41.02
1520,259.14
1521,225.71
1522,109.18
1523,157.78
1524,177.7
1525,316.95
1526,166.26
1527,19.78
1528,136.25
1529,178.06
1530,208.51
1531,207.02
1532,194.73
1533,65.32
1534,69.45
1535,83.72
1536,47.78
1537,105.19
1538,300.58
1539,74.03
1540,189.18
1541,179.56
1542,136.41
1543,25.02
1544,164.04
1545,134.33
1546,129.68
1547,135.12
1548,165.79
1549,209.76
1550,85.55
1551,26.16
1552,95.32
1553,325.16
1554,312.02
1555,156.68
1556,209.09
1557,244.19
1558,249.12
1559,48.81
1560,111.85
1561,13.84
1562,115.69
1563,286.53
1564,186.06
1565,210.05
1566,280.97
1567,148.25
1568,191.3
1569,47.22
1570,207.69
1571,216.34
1572,259.05
1573,83.24
1574,51.1
1575,56.35
1576,261.7
1577,216.69
1578,54.06
1579,282.36
1580,210.73
1581,200.84
1582,253.62
1583,67.75
1584,175.03
1585,215.13
1586,53.6
1587,10.66
1588,221.36
1589,193.41
1590,338.06
1591,203.3
1592,118.71
1593,55.2
1594,30.68
1595,143.77
1596,107.74
1597,136.66
1598,129.94
1599,130.49
1600,202.39
1601,152.92
1602,268.79
1603,87.57
1604,178.91
1605,48.8
1606,245.18
1607,187.15
1608,381.57
1609,89.48
1610,316.45
1611,308.36
1612,167.78
1613,230.43
1614,105.18
1615,170.53
1616,171.6
1617,252.07
1618,62.34
1619,194.11
1620,295.67
1621,72.26
1622,116.11
1623,108.11
1624,-7.54
1625,244.82
1626,281.71
1627,93.18
1628,116.92
1629,82.76
1630,129.23
1631,182.91
1632,94.0
1633,68.5
1634,242.16
1635,100.4
1636,94.1
1637,117.81
1638,60.05
1639,161.06
1640,188.42
1641,5.88
1642,52.09
1643,125.36
1644,189.28
1645,128.92
1646,-30.58
1647,117.02
1648,132.93
1649,116.48
1650,73.15
1651,241.37
1652,285.31
1653,193.37
1654,292.33
1655,261.89
1656,214.1
1657,80.28
1658,178.22
1659,209.16
1660,172.93
1661,83.68
1662,43.0
1663,98.76
1664,103.44
1665,54.9
1666,241.87
1667,167.51
1668,229.5
1669,243.13
1670,10.28
1671,-3.12
1672,56.75
1673,120.65
1674,71.11
1675,270.87
1676,232.64
1677,301.17
1678,254.94
1679,124.31
1680,78.3
1681,66.73
1682,150.77
1683,47.86
1684,166.06
1685,103.26
1686,166.6
1687,167.33
1688,50.88
1689,146.0
1690,83.59
1691,245.12
1692,15.73
1693,172.02
1694,129.88
1695,193.84
1696,196.67
1697,113.35
1698,58.14
1699,38.5
1700,179.61
1701,174.8
1702,177.66
1703,58.08
1704,238.44
1705,307.37
1706,190.05
1707,287.62
1708,318.76
1709,146.24
1710,306.98
1711,248.42
1712,309.68
1713,144.93
1714,116.56
1715,194.77
1716,273.17
1717,193.68
1718,216.87
1719,42.19
1720,214.07
1721,108.83
1722,103.08
1723,203.52
1724,265.87
1725,201.79
1726,161.3
1727,93.18
1728,90.67
1729,96.86
1730,171.84
1731,355.53
1732,40.66
1733,278.53
1734,24.28
1735,68.01
1736,85.98
1737,132.3
1738,88.31
1739,198.2
1740,174.2
1741,299.53
1742,252.32
1743,93.35
1744,161.4
1745,165.08
1746,186.07
1747,289.98
1748,170.65
1749,311.53
1750,100.88
1751,307.02
1752,39.03
1753,314.41
1754,203.36
1755,64.79
1756,188.05
1757,54.64
1758,81.72
1759,178.67
1760,98.67
1761,139.24
1762,111.14
1763,55.38
1764,175.01
1765,314.92
1766,18.92
1767,74.5
1768,58.05
1769,188.32
1770,79.85
1771,201.58
1772,202.25
1773,215.25
1774,243.24
1775,301.92
1776,83.04
1777,277.11
1778,297.41
1779,88.4
1780,15.17
1781,76.77
1782,51.7
1783,180.46
1784,207.25
1785,268.68
1786,126.05
1787,164.48
1788,262.54
1789,257.33
1790,264.55
1791,318.89
1792,193.93
1793,120.08
1794,41.55
1795,72.0
1796,29.47
1797,309.01
1798,165.46
1799,116.99
1800,33.38
1801,111.2
1802,73.95
1803,232.46
1804,220.56
1805,286.94
1806,-8.78
1807,294.27
1808,180.48
1809,230.35
1810,127.22
1811,126.33
1812,51.09
1813,258.48
1814,138.47
1815,255.24
1816,240.57
1817,-5.77
1818,149.32
1819,115.86
1820,123.82
1821,247.81
1822,252.97
1823,201.89
1824,152.33
1825,151.1
1826,263.72
1827,217.75
1828,207.49
1829,93.82
1830,171.81
1831,58.78
1832,219.05
1833,53.5
1834,52.98
1835,28.08
1836,78.12
1837,149.3
1838,213.23
1839,275.99
1840,68.74
1841,68.12
1842,124.41
1843,99.05
1844,168.06
1845,340.79
1846,226.63
1847,282.06
1848,120.21
1849,142.04
1850,42.22
1851,59.57
1852,116.63
1853,76.93
1854,83.08
1855,156.42
1856,84.11
1857,194.18
1858,280.16
1859,123.14
1860,102.11
1861,276.06
1862,177.9
1863,-3.26
1864,281.54
1865,19.81
1866,24.1
1867,260.15
1868,177.96
1869,135.2
1870,126.07
1871,218.6
1872,61.66
1873,138.82
1874,-27.97
1875,81.61
1876,153.07
1877,76.3
1878,372.28
1879,-21.26
1880,160.81
1881,165.74
1882,30.46
1883,30.14
1884,317.19
1885,155.92
1886,77.5
1887,117.4
1888,58.51
1889,258.45
1890,102.41
1891,27.0
1892,86.51
1893,319.22
1894,201.14
1895,53.47
1896,240.28
1897,235.92
1898,183.87
1899,270.81
1900,313.77
1901,48.07
1902,148.78
1903,199.37
1904,79.91
1905,150.53
1906,194.79
1907,194.28
1908,266.62
1909,105.48
1910,258.16
1911,207.36
1912,201.08
1913,136.67
1914,75.24
1915,107.47
1916,46.65
1917,176.57
1918,188.22
1919,255.15
1920,276.21
1921,105.7
1922,273.04
1923,232.81
1924,278.42
1925,275.29
1926,87.23
1927,134.79
1928,104.34
1929,-17.85
1930,80.79
1931,255.64
1932,155.69
1933,135.44
1934,45.19
1935,238.86
1936,108.48
1937,175.37
1938,282.01
1939,214.67
1940,256.52
1941,180.05
1942,287.58
1943,195.95
1944,4.15
1945,276.69
1946,89.75
1947,94.05
1948,277.14
1949,39.7
1950,299.21
1951,42.18
1952,107.0
1953,53.96
1954,182.74
1955,200.63
1956,106.09
1957,227.41
1958,144.58
1959,183.23
1960,30.39
1961,38.14
1962,146.05
1963,192.02
1964,187.07
1965,75.25
1966,198.49
1967,276.7
1968,166.78
1969,197.35
1970,281.82
1971,209.95
1972,46.46
1973,246.88
1974,134.16
1975,262.2
1976,186.97
1977,169.88
1978,71.13
1979,30.95
1980,139.22
1981,262.51
1982,152.49
1983,337.31
1984,51.51
1985,177.58
1986,230.95
1987,163.87
1988,211.79
1989,117.22
1990,74.72
1991,200.16
1992,174.97
1993,180.12
1994,278.21
1995,207.98
1996,154.59
1997,170.88
1998,226.59
1999,167.71
2000,286.73
2001,41.26
2002,250.83
2003,47.85
2004,-10.75
2005,71.35
2006,151.57
2007,60.43
2008,101.51
2009,52.58
2010,322.44
2011,50.82
2012,200.98
2013,106.79
2014,169.5
2015,155.82
2016,203.93
2017,249.18
2018,62.37
2019,19.82
2020,149.38
2021,-9.65
2022,312.83
2023,297.33
2024,182.87
2025,272.39
2026,12.52
2027,284.46
2028,159.37
2029,253.2
2030,268.68
2031,49.98
2032,254.89
2033,180.21
2034,35.08
2035,45.72
2036,38.55
2037,192.29
2038,178.67
2039,188.38
2040,130.01
2041,51.97
2042,-1.47
2043,283.67
2044,140.03
2045,202.03
2046,126.65
2047,63.64
2048,182.92
2049,165.65
2050,329.96
2051,276.54
2052,305.34
2053,37.27
2054,70.24
2055,323.02
2056,145.29
2057,196.82
2058,159.76
2059,75.01
2060,276.0
2061,261.01
2062,15.15
2063,118.26
2064,102.54
2065,91.58
2066,-23.3
2067,287.45
2068,252.08
2069,101.73
2070,-42.83
2071,268.53
2072,56.85
2073,288.04
2074,122.42
2075,290.73
2076,229.31
2077,163.07
2078,308.19
2079,18.75
2080,87.16
2081,221.04
2082,67.79
2083,74.49
2084,109.6
2085,88.1
2086,184.65
2087,84.86
2088,181.68
2089,271.63
2090,196.27
2091,95.72
2092,66.04
2093,201.25
2094,246.36
2095,151.33
2096,112.25
2097,149.51
2098,183.15
2099,191.16
2100,114.06
2101,229.03
2102,61.17
2103,185.82
2104,248.84
2105,91.43
2106,79.57
2107,159.61
2108,81.58
2109,-10.81
2110,58.2
2111,43.56
2112,99.32
2113,264.0
2114,26.54
2115,207.56
2116,192.62
2117,251.27
2118,144.89
2119,27.99
2120,22.63
2121,224.73
2122,256.68
2123,292.57
2124,58.37
2125,156.39
2126,189.91
2127,136.74
2128,218.46
2129,200.17
2130,227.48
2131,111.32
2132,127.42
2133,273.53
2134,100.04
2135,94.6
2136,68.81
2137,235.04
2138,141.68
2139,95.25
2140,209.06
2141,122.95
2142,139.99
2143,106.85
2144,135.3
2145,211.33
2146,271.7
2147,141.14
2148,-12.27
2149,321.28
2150,76.21
2151,175.94
2152,114.55
2153,119.46
2154,215.8
2155,275.84
2156,176.38
2157,315.53
2158,70.71
2159,-11.5
2160,143.97
2161,220.74
2162,31.33
2163,239.88
2164,75.64
2165,154.9
2166,130.55
2167,127.76
2168,170.81
2169,188.06
2170,53.05
2171,106.35
2172,182.06
2173,134.17
2174,179.02
2175,90.17
2176,44.54
2177,239.89
2178,313.7
2179,141.58
2180,116.62
2181,277.32
2182,299.16
2183,45.25
2184,211.25
2185,13.19
2186,94.03
2187,68.26
2188,107.46
2189,163.22
2190,103.27
2191,201.68
2192,109.59
2193,217.13
2194,212.8
2195,93.66
2196,300.65
2197,100.64
2198,90.74
2199,93.83
2200,283.08
2201,197.12
2202,-26.23
2203,208.99
2204,196.65
2205,179.71
2206,127.9
2207,127.95
2208,188.84
2209,54.78
2210,26.89
2211,155.57
2212,138.46
2213,186.95
2214,205.72
2215,255.53
2216,155.74
2217,249.38
2218,257.89
2219,92.81
2220,110.74
2221,40.07
2222,202.94
2223,184.31
2224,86.81
2225,121.88
2226,202.01
2227,281.39
2228,86.46
2229,161.9
2230,149.46
2231,224.53
2232,299.29
2233,203.34
2234,118.81
2235,315.26
2236,95.11
2237,257.31
2238,256.52
2239,178.59
2240,227.67
2241,-28.83
2242,81.46
2243,201.27
2244,160.16
2245,108.15
2246,119.55
2247,171.97
2248,260.68
2249,90.16
2250,173.15
2251,208.18
2252,225.04
2253,137.47
2254,240.57
2255,37.08
2256,170.41
2257,148.68
2258,310.87
2259,116.85
2260,59.36
2261,123.98
2262,113.21
2263,94.53
2264,136.72
2265,95.68
2266,331.3
2267,214.75
2268,71.75
2269,96.05
2270,314.38
2271,177.36
2272,191.49
2273,80.42
2274,118.21
2275,268.41
2276,180.57
2277,200.52
2278,269.84
2279,181.07
2280,128.39
2281,81.17
2282,252.6
2283,69.41
2284,126.01
2285,49.85
2286,92.81
2287,262.51
2288,168.14
2289,175.78
2290,285.47
2291,39.64
2292,175.14
2293,214.67
2294,114.25
2295,290.65
2296,102.96
2297,245.11
2298,165.14
2299,94.0
2300,268.76
2301,159.37
2302,198.73
2303,268.79
2304,206.46
2305,334.25
2306,160.68
2307,274.14
2308,130.54
2309,283.68
2310,55.3
2311,68.09
2312,173.82
2313,42.15
2314,172.29
2315,384.5
2316,56.97
2317,86.76
2318,363.71
2319,198.11
2320,100.83
2321,60.2
2322,15.43
2323,147.39
2324,181.12
2325,104.65
2326,176.43
2327,113.29
2328,42.23
2329,207.8
2330,169.37
2331,240.01
2332,130.34
2333,200.99
2334,36.76
2335,149.64
2336,227.22
2337,179.49
2338,222.65
2339,146.91
2340,133.98
2341,135.25
2342,199.86
2343,100.66
2344,137.72
2345,170.54
2346,47.26
2347,45.28
2348,79.43
2349,68.68
2350,229.34
2351,119.56
2352,20.55
2353,266.9
2354,54.45
2355,96.42
2356,292.13
2357,25.86
2358,170.99
2359,238.78
2360,217.81
2361,223.16
2362,35.41
2363,102.24
2364,86.57
2365,63.0
2366,127.69
2367,156.66
2368,39.53
2369,298.45
2370,287.94
2371,238.67
2372,65.74
2373,280.24
2374,281.49
2375,162.46
2376,53.05
2377,300.32
2378,58.92
2379,221.2
2380,31.06
2381,110.64
2382,-16.05
2383,156.13
2384,244.45
2385,65.22
2386,35.97
2387,125.61
2388,293.45
2389,95.94
2390,38.52
2391,90.32
2392,64.23
2393,344.66
2394,52.43
2395,326.89
2396,245.68
2397,181.73
2398,94.71
2399,74.12
2400,161.04
2401,45.25
2402,112.03
2403,147.58
2404,106.7
2405,84.6
2406,260.9
2407,86.77
2408,230.95
2409,144.97
2410,160.85
2411,191.15
2412,126.75
2413,130.2
2414,299.3
2415,162.86
2416,102.87
2417,183.36
2418,100.64
2419,307.62
2420,43.3
2421,48.04
2422,153.53
2423,108.68
2424,234.5
2425,319.6
2426,206.83
2427,18.78
2428,119.02
2429,240.46
2430,65.66
2431,248.0
2432,187.45
2433,322.31
2434,108.95
2435,235.91
2436,59.37
2437,19.73
2438,284.59
2439,73.03
2440,196.5
2441,148.18
2442,206.11
2443,137.98
2444,48.73
2445,171.06
2446,124.97
2447,47.19
2448,210.32
2449,132.24
2450,133.64
2451,175.17
2452,131.96
2453,350.16
2454,258.28
2455,116.09
2456,24.98
2457,129.0
2458,251.2
2459,72.5
2460,275.7
2461,194.39
2462,193.94
2463,74.2
2464,15.79
2465,85.79
2466,265.55
2467,9.83
2468,158.28
2469,122.55
2470,62.01
2471,101.75
2472,184.64
2473,181.37
2474,132.35
2475,53.55
2476,316.87
2477,101.61
2478,181.24
2479,381.59
2480,125.56
2481,21.56
2482,203.62
2483,194.19
2484,164.96
2485,253.26
2486,164.96
2487,138.57
2488,202.8
2489,300.45
2490,135.41
2491,255.3
2492,118.01
2493,215.95
2494,183.97
2495,215.99
2496,291.93
2497,166.47
2498,182.91
2499,289.53
2500,259.06
2501,-9.95
2502,109.97
2503,228.89
2504,122.22
2505,31.81
2506,197.98
2507,211.35
2508,194.55
2509,15.27
2510,345.76
2511,20.96
2512,82.29
2513,94.53
2514,65.31
2515,316.62
2516,92.06
2517,111.37
2518,43.45
2519,51.57
2520,215.63
2521,259.06
2522,129.1
2523,274.81
2524,133.41
2525,242.87
2526,38.85
2527,331.9
2528,296.18
2529,180.0
2530,66.33
2531,29.17
2532,232.84
2533,216.55
2534,97.63
2535,99.02
2536,180.85
2537,38.19
2538,147.88
2539,33.27
2540,128.79
2541,77.8
2542,91.2
2543,327.95
2544,180.29
2545,109.84
2546,95.34
2547,35.32
2548,93.11
2549,123.54
2550,259.51
2551,225.02
2552,107.81
2553,226.21
2554,51.85
2555,226.56
2556,230.49
2557,199.52
2558,35.12
2559,91.87
2560,297.93
2561,104.46
2562,117.5
2563,227.79
2564,53.33
2565,149.88
2566,188.39
2567,302.78
2568,21.73
2569,200.31
2570,181.71
2571,52.37
2572,260.49
2573,189.56
2574,145.29
2575,184.4
2576,81.58
2577,206.69
2578,185.82
2579,107.24
2580,209.23
2581,43.22
2582,207.34
2583,256.32
2584,62.6
2585,236.6
2586,116.19
2587,316.29
2588,37.6
2589,223.46
2590,191.58
2591,75.59
2592,265.45
2593,76.19
2594,-21.72
2595,184.33
2596,178.48
2597,194.07
2598,213.85
2599,100.86
2600,192.32
2601,231.71
2602,211.95
2603,192.27
2604,47.81
2605,60.37
2606,144.94
2607,225.85
2608,94.45
2609,285.99
2610,258.73
2611,164.24
2612,155.85
2613,182.57
2614,286.87
2615,253.33
2616,248.59
2617,128.53
2618,23.8
2619,19.29
2620,35.65
2621,223.53
2622,114.15
2623,208.48
2624,135.99
2625,225.36
2626,159.92
2627,93.99
2628,267.77
2629,276.61
2630,88.15
2631,169.44
2632,151.37
2633,37.61
2634,216.02
2635,87.89
2636,213.01
2637,209.47
2638,27.19
2639,157.45
2640,127.57
2641,27.92
2642,77.31
2643,290.67
2644,176.01
2645,120.82
2646,164.61
2647,62.06
2648,309.91
2649,131.15
2650,165.69
2651,174.47
2652,7.82
2653,87.55
2654,159.75
2655,234.67
2656,114.31
2657,111.37
2658,90.81
2659,136.11
2660,267.13
2661,124.9
2662,260.71
2663,53.45
2664,5.41
2665,270.34
2666,96.47
2667,273.06
2668,167.83
2669,203.48
2670,76.01
2671,253.51
2672,64.35
2673,233.72
2674,92.4
2675,334.2
2676,20.06
2677,275.36
2678,190.6
2679,130.11
2680,229.0
2681,47.59
2682,321.69
2683,54.58
2684,123.58
2685,270.98
2686,269.81
2687,268.23
2688,225.86
2689,81.24
2690,253.72
2691,316.92
2692,170.05
2693,167.59
2694,150.1
2695,99.47
2696,58.62
2697,103.2
2698,57.69
2699,68.08
2700,57.1
2701,197.3
2702,286.43
2703,93.97
2704,163.62
2705,259.58
2706,346.07
2707,52.44
2708,93.01
2709,31.71
2710,94.08
2711,164.52
2712,166.4
2713,60.53
2714,102.92
2715,7.75
2716,294.63
2717,250.57
2718,250.39
2719,68.12
2720,283.06
2721,16.48
2722,99.52
2723,261.37
2724,190.47
2725,288.04
2726,238.35
2727,20.21
2728,86.54
2729,186.31
2730,47.87
2731,189.69
2732,167.79
2733,89.02
2734,222.85
2735,130.73
2736,28.27
2737,96.54
2738,227.75
2739,118.2
2740,248.71
2741,63.21
2742,115.39
2743,101.51
2744,182.37
2745,-2.18
2746,114.04
2747,28.68
2748,84.17
2749,39.55
2750,88.2
2751,78.6
2752,157.89
2753,119.9
2754,176.2
2755,99.14
2756,154.92
2757,98.79
2758,53.14
2759,91.05
2760,209.86
2761,1.7
2762,46.66
2763,265.66
2764,212.76
2765,287.26
2766,110.39
2767,216.64
2768,162.22
2769,163.84
2770,234.98
2771,38.08
2772,142.02
2773,267.83
2774,149.39
2775,149.06
2776,249.16
2777,219.69
2778,69.12
2779,155.48
2780,170.68
2781,16.42
2782,257.93
2783,199.0
2784,105.26
2785,208.04
2786,130.77
2787,61.15
2788,37.96
2789,299.9
2790,-16.62
2791,203.12
2792,293.14
2793,122.44
2794,71.66
2795,137.56
2796,122.12
2797,330.11
2798,137.56
2799,142.05
2800,6.2
2801,280.0
2802,180.98
2803,209.78
2804,223.9
2805,161.6
2806,12.17
2807,23.59
2808,188.34
2809,126.76
2810,251.22
2811,252.11
2812,225.5
2813,202.15
2814,115.14
2815,289.4
2816,192.68
2817,70.39
2818,87.53
2819,11.41
2820,36.67
2821,11.77
2822,-20.26
2823,253.16
2824,292.24
2825,54.33
2826,89.33
2827,322.3
2828,78.91
2829,168.58
2830,202.15
2831,162.54
2832,161.08
2833,43.57
2834,90.23
2835,36.26
2836,257.86
2837,139.38
2838,160.03
2839,124.85
2840,251.28
2841,185.55
2842,-17.6
2843,106.78
2844,286.92
2845,64.21
2846,63.95
2847,27.33
2848,157.29
2849,102.57
2850,143.27
2851,24.66
2852,184.8
2853,247.57
2854,126.68
2855,207.92
2856,66.36
2857,91.33
2858,162.98
2859,88.79
2860,54.84
2861,38.42
2862,99.49
2863,-7.37
2864,124.66
2865,221.43
2866,162.41
2867,104.13
2868,86.55
2869,100.31
2870,200.22
2871,54.46
2872,127.43
2873,267.85
2874,254.5
2875,38.71
2876,216.73
2877,133.31
2878,68.84
2879,182.54
2880,70.15
2881,270.88
2882,266.39
2883,289.68
2884,88.5
2885,195.68
2886,122.84
2887,111.31
2888,33.32
2889,8.19
2890,72.27
2891,107.99
2892,192.53
2893,269.52
2894,199.89
2895,215.43
2896,-28.23
2897,214.95
2898,199.18
2899,333.91
2900,67.5
2901,202.6
2902,252.61
2903,265.08
2904,168.58
2905,154.67
2906,133.13
2907,273.95
2908,175.9
2909,210.59
2910,174.51
2911,170.49
2912,187.94
2913,334.1
2914,162.0
2915,96.52
2916,254.38
2917,133.43
2918,182.82
2919,12.6
2920,75.2
2921,193.24
2922,71.15
2923,264.45
2924,299.71
2925,113.56
2926,147.45
2927,22.43
2928,179.83
2929,161.78
2930,278.55
2931,260.34
2932,126.07
2933,112.53
2934,25.99
2935,59.52
2936,108.32
2937,311.23
2938,160.04
2939,315.5
2940,245.52
2941,144.64
2942,51.45
2943,75.48
2944,167.73
2945,-5.55
2946,189.81
2947,250.95
2948,275.62
2949,118.54
2950,206.15
2951,96.51
2952,137.92
2953,91.2
2954,338.26
2955,137.51
2956,9.04
2957,274.77
2958,143.04
2959,-4.78
2960,217.48
2961,124.19
2962,238.56
2963,273.33
2964,134.53
2965,24.46
2966,167.06
2967,43.13
2968,186.93
2969,193.84
2970,92.34
2971,251.38
2972,245.51
2973,78.35
2974,244.18
2975,160.71
2976,241.51
2977,268.89
2978,280.35
2979,211.87
2980,181.22
2981,170.84
2982,188.36
2983,141.56
2984,255.03
2985,180.34
2986,234.32
2987,194.07
2988,145.94
2989,97.13
2990,301.58
2991,266.05
2992,178.13
2993,201.2
2994,61.74
2995,176.23
2996,134.95
2997,242.38
2998,48.65
2999,174.97
